{
    "name": "root",
    "metadata": {
        "timer_format_version": "0.1.0",
        "start_time_seconds": "1646376224",
        "python_version": "3.9.9 (tags/v3.9.9:ccb0e6a, Nov 15 2021, 18:08:50) [MSC v.1929 64 bit (AMD64)]",
        "command_line_arguments": "C:\\Users\\PC\\OneDrive\\Desktop\\VSA\\visual-steering-agent\\venv\\Scripts\\mlagents-learn --force",
        "mlagents_version": "0.28.0",
        "mlagents_envs_version": "0.28.0",
        "communication_protocol_version": "1.5.0",
        "pytorch_version": "1.7.1+cu110",
        "numpy_version": "1.22.2",
        "end_time_seconds": "1646376385"
    },
    "total": 160.7012884,
    "count": 1,
    "self": 0.010599000000013348,
    "children": {
        "run_training.setup": {
            "total": 0.021985199999999927,
            "count": 1,
            "self": 0.021985199999999927
        },
        "TrainerController.start_learning": {
            "total": 160.6687042,
            "count": 1,
            "self": 0.011605500000058555,
            "children": {
                "TrainerController._reset_env": {
                    "total": 6.0537412999999995,
                    "count": 1,
                    "self": 6.0537412999999995
                },
                "TrainerController.advance": {
                    "total": 153.80485919999995,
                    "count": 585,
                    "self": 0.009218299999787405,
                    "children": {
                        "env_step": {
                            "total": 147.20477570000003,
                            "count": 585,
                            "self": 141.36614289999983,
                            "children": {
                                "SubprocessEnvManager._take_step": {
                                    "total": 5.828003900000204,
                                    "count": 585,
                                    "self": 0.04359560000028839,
                                    "children": {
                                        "TorchPolicy.evaluate": {
                                            "total": 5.784408299999916,
                                            "count": 584,
                                            "self": 1.7990953000001424,
                                            "children": {
                                                "TorchPolicy.sample_actions": {
                                                    "total": 3.985312999999773,
                                                    "count": 584,
                                                    "self": 3.985312999999773
                                                }
                                            }
                                        }
                                    }
                                },
                                "workers": {
                                    "total": 0.010628900000002162,
                                    "count": 584,
                                    "self": 0.0,
                                    "children": {
                                        "worker_root": {
                                            "total": 92.80175679999992,
                                            "count": 584,
                                            "is_parallel": true,
                                            "self": 35.48538599999985,
                                            "children": {
                                                "steps_from_proto": {
                                                    "total": 0.03974750000000071,
                                                    "count": 1,
                                                    "is_parallel": true,
                                                    "self": 0.00013199999999979894,
                                                    "children": {
                                                        "_process_maybe_compressed_observation": {
                                                            "total": 0.03942330000000016,
                                                            "count": 2,
                                                            "is_parallel": true,
                                                            "self": 0.004417699999999414,
                                                            "children": {
                                                                "_observation_to_np_array": {
                                                                    "total": 0.03500560000000075,
                                                                    "count": 11,
                                                                    "is_parallel": true,
                                                                    "self": 0.00024819999999969866,
                                                                    "children": {
                                                                        "process_pixels": {
                                                                            "total": 0.03475740000000105,
                                                                            "count": 11,
                                                                            "is_parallel": true,
                                                                            "self": 0.016569099999999892,
                                                                            "children": {
                                                                                "image_decompress": {
                                                                                    "total": 0.018188300000001156,
                                                                                    "count": 11,
                                                                                    "is_parallel": true,
                                                                                    "self": 0.018188300000001156
                                                                                }
                                                                            }
                                                                        }
                                                                    }
                                                                }
                                                            }
                                                        },
                                                        "_process_rank_one_or_two_observation": {
                                                            "total": 0.00019220000000075288,
                                                            "count": 2,
                                                            "is_parallel": true,
                                                            "self": 0.00019220000000075288
                                                        }
                                                    }
                                                },
                                                "UnityEnvironment.step": {
                                                    "total": 57.27662330000007,
                                                    "count": 584,
                                                    "is_parallel": true,
                                                    "self": 0.10245150000015002,
                                                    "children": {
                                                        "UnityEnvironment._generate_step_input": {
                                                            "total": 0.1134417999999151,
                                                            "count": 584,
                                                            "is_parallel": true,