{
    "name": "root",
    "metadata": {
        "timer_format_version": "0.1.0",
        "start_time_seconds": "1646195694",
        "python_version": "3.9.9 (tags/v3.9.9:ccb0e6a, Nov 15 2021, 18:08:50) [MSC v.1929 64 bit (AMD64)]",
        "command_line_arguments": "C:\\Users\\PC\\OneDrive\\Desktop\\VSA\\visual-steering-agent\\venv\\Scripts\\mlagents-learn --force",
        "mlagents_version": "0.28.0",
        "mlagents_envs_version": "0.28.0",
        "communication_protocol_version": "1.5.0",
        "pytorch_version": "1.7.1+cu110",
        "numpy_version": "1.22.2",
        "end_time_seconds": "1646195775"
    },
    "total": 81.562967,
    "count": 1,
    "self": 0.005854499999998097,
    "children": {
        "run_training.setup": {
            "total": 0.02111659999999993,
            "count": 1,
            "self": 0.02111659999999993
        },
        "TrainerController.start_learning": {
            "total": 81.5359959,
            "count": 1,
            "self": 0.022705399999992437,
            "children": {
                "TrainerController._reset_env": {
                    "total": 11.3616391,
                    "count": 1,
                    "self": 11.3616391
                },
                "TrainerController.advance": {
                    "total": 70.0831684,
                    "count": 2375,
                    "self": 0.02222249999972803,
                    "children": {
                        "env_step": {
                            "total": 69.92486070000012,
                            "count": 2375,
                            "self": 66.94467920000022,
                            "children": {
                                "SubprocessEnvManager._take_step": {
                                    "total": 2.965244199999953,
                                    "count": 2375,
                                    "self": 0.0761821999999519,
                                    "children": {
                                        "TorchPolicy.evaluate": {
                                            "total": 2.889062000000001,
                                            "count": 2374,
                                            "self": 1.001809100000031,
                                            "children": {
                                                "TorchPolicy.sample_actions": {
                                                    "total": 1.8872528999999698,
                                                    "count": 2374,
                                                    "self": 1.8872528999999698
                                                }
                                            }
                                        }
                                    }
                                },
                                "workers": {
                                    "total": 0.014937299999953524,
                                    "count": 2374,
                                    "self": 0.0,
                                    "children": {
                                        "worker_root": {
                                            "total": 10.173529299999874,
                                            "count": 2374,
                                            "is_parallel": true,
                                            "self": 5.3450310999999875,
                                            "children": {
                                                "steps_from_proto": {
                                                    "total": 0.0002280999999992872,
                                                    "count": 1,
                                                    "is_parallel": true,
                                                    "self": 9.139999999874249e-05,
                                                    "children": {
                                                        "_process_rank_one_or_two_observation": {
                                                            "total": 0.00013670000000054472,
                                                            "count": 2,
                                                            "is_parallel": true,
                                                            "self": 0.00013670000000054472
                                                        }
                                                    }
                                                },
                                                "UnityEnvironment.step": {
                                                    "total": 4.828270099999887,
                                                    "count": 2374,
                                                    "is_parallel": true,
                                                    "self": 0.0935482999997177,
                                                    "children": {
                                                        "UnityEnvironment._generate_step_input": {
                                                            "total": 0.0847972000000734,
                                                            "count": 2374,
                                                            "is_parallel": true,
                                                            "self": 0.0847972000000734
                                                        },
                                                        "communicator.exchange": {
                                                            "total": 4.396768300000089,
                                                            "count": 2374,
                                                            "is_parallel": true,
                                                            "self": 4.396768300000089
                                                        },
                                                        "steps_from_proto": {
                                                            "total": 0.25315630000000766,
                                                            "count": 2374,
                                                            "is_parallel": true,
                                                            "self": 0.13926680000002278,
                                                            "children": {
                                                                "_process_rank_one_or_two_observation": {
                                                                    "total": 0.11388949999998488,
                                                                    "count": 4748,
                                                                    "is_parallel": true,
                                                                    "self": 0.11388949999998488
                                                                }
                                                            }
                                                        }
                                                    }
                                                }
                                            }
                                        }
                                    }
                                }
                            }
                        },
                        "trainer_advance": {
                            "total": 0.13608520000015645,
                            "count": 2374,
                            "self": 0.021736600000227924,
                            "children": {
                                "process_trajectory": {
                                    "total": 0.11434859999992852,
                                    "count": 2374,
                                    "self": 0.11434859999992852
                                }
                            }
                        }
                    }
                },