{"count":1,"self":11.1561696,"total":11.7697266,"children":{"InitializeActuators":{"count":1,"self":0.0010008999999999999,"total":0.0010008999999999999,"children":null},"InitializeSensors":{"count":1,"self":0.0050044999999999994,"total":0.0050044999999999994,"children":null},"AgentSendState":{"count":363,"self":0.0020020999999999997,"total":0.0920838,"children":{"CollectObservations":{"count":73,"self":0.0010008999999999999,"total":0.0010008999999999999,"children":null},"WriteActionMask":{"count":73,"self":0.0020017,"total":0.0020017,"children":null},"RequestDecision":{"count":73,"self":0.087079099999999993,"total":0.087079099999999993,"children":null}}},"DecideAction":{"count":363,"self":0.41737599999999997,"total":0.5104631,"children":{"CameraSensor.WriteToTensor":{"count":73,"self":0.093087099999999992,"total":0.093087099999999992,"children":null}}},"AgentAct":{"count":363,"self":0.0040041999999999994,"total":0.0040041999999999994,"children":null}},"gauges":{},"metadata":{"timer_format_version":"0.1.0","start_time_seconds":"1652854629","unity_version":"2020.3.12f1","command_line_arguments":"C:\\Program Files\\Unity\\Hub\\Editor\\2020.3.12f1\\Editor\\Unity.exe -projectpath C:\/Users\/PC\/OneDrive\/Desktop\/VSA\/visual-steering-agent -useHub -hubIPC -cloudEnvironment production -hubSessionId efde0750-d59d-11ec-8f1d-632e21eacd60 -accessToken kzJodXx8qHtztZvwZmsevtrs38UMeF_TT0Ejx5Hn42o003f","communication_protocol_version":"1.5.0","com.unity.ml-agents_version":"2.2.1-exp.1","scene_name":"1Agent1Goal","end_time_seconds":"1652854641"}}