{"count":1,"self":23.550329599999998,"total":27.5969874,"children":{"InitializeActuators":{"count":11,"self":0.0020017999999999998,"total":0.0020017999999999998,"children":null},"InitializeSensors":{"count":11,"self":0.001001,"total":0.001001,"children":null},"AgentSendState":{"count":1157,"self":0.015013499999999999,"total":3.9775973999999996,"children":{"CollectObservations":{"count":2552,"self":0.0050041999999999994,"total":0.0050041999999999994,"children":null},"WriteActionMask":{"count":2552,"self":0.0020022,"total":0.0020022,"children":null},"RequestDecision":{"count":2552,"self":0.0190176,"total":3.9555775,"children":{"CameraSensor.GetCompressedObservation":{"count":2552,"self":3.9365599999999996,"total":3.9365599,"children":null}}}}},"DecideAction":{"count":1157,"self":0.0220179,"total":0.0220179,"children":null},"AgentAct":{"count":1157,"self":0.043038799999999995,"total":0.043038799999999995,"children":null}},"gauges":{},"metadata":{"timer_format_version":"0.1.0","start_time_seconds":"1648711840","unity_version":"2020.3.12f1","command_line_arguments":"C:\\Program Files\\Unity\\Hub\\Editor\\2020.3.12f1\\Editor\\Unity.exe -projectpath C:\/Users\/PC\/OneDrive\/Desktop\/VSA\/visual-steering-agent -useHub -hubIPC -cloudEnvironment production -hubSessionId a6686e70-b0af-11ec-86f1-01e9753b1d07 -accessToken 6e5K1mcJpn5Gp1QKot3UopoYR3RSs9rVzCZ4tijsSpo003f","communication_protocol_version":"1.5.0","com.unity.ml-agents_version":"1.9.1-preview","scene_name":"Main","end_time_seconds":"1648711867"}}